{"expiry_size": 8,
"tenor_size": 9,
"expiry": [1.000000, 
2.000000, 
3.000000, 
4.000000, 
5.000000, 
7.000000, 
10.000000, 
15.000000],
"tenor": [1.000000, 
2.000000, 
3.000000, 
4.000000, 
5.000000, 
7.000000, 
10.000000, 
12.000000, 
15.000000],
"quote": [0.004640, 
0.006431, 
0.007901, 
0.009083, 
0.010013, 
0.011257, 
0.012156, 
0.013976, 
0.003374, 
0.004172, 
0.004817, 
0.005325, 
0.005714, 
0.006207, 
0.006512, 
0.007289, 
0.002903, 
0.003376, 
0.003750, 
0.004038, 
0.004250, 
0.004499, 
0.004612, 
0.005049, 
0.002634, 
0.002947, 
0.003190, 
0.003370, 
0.003496, 
0.003629, 
0.003649, 
0.003921, 
0.002448, 
0.002668, 
0.002833, 
0.002950, 
0.003028, 
0.003093, 
0.003061, 
0.003238, 
0.002186, 
0.002302, 
0.002384, 
0.002435, 
0.002461, 
0.002460, 
0.002373, 
0.002446, 
0.001909, 
0.001959, 
0.001991, 
0.002002, 
0.001996, 
0.001948, 
0.001829, 
0.001837, 
0.001771, 
0.001803, 
0.001814, 
0.001812, 
0.001795, 
0.001731, 
0.001600, 
0.001592, 
0.001607, 
0.001619, 
0.001615, 
0.001598, 
0.001570, 
0.001488, 
0.001358, 
0.001338]
}