{"expiry_size": 8,
"tenor_size": 9,
"expiry": [1.000000, 
2.000000, 
3.000000, 
4.000000, 
5.000000, 
7.000000, 
10.000000, 
15.000000],
"tenor": [1.000000, 
2.000000, 
3.000000, 
4.000000, 
5.000000, 
7.000000, 
10.000000, 
12.000000, 
15.000000],
"quote": [0.005284, 
0.003438, 
0.002670, 
0.002202, 
0.001872, 
0.001426, 
0.001034, 
0.000886, 
0.000804, 
0.006855, 
0.003999, 
0.002934, 
0.002339, 
0.001947, 
0.001449, 
0.001046, 
0.000910, 
0.000874, 
0.007951, 
0.004380, 
0.003107, 
0.002425, 
0.001989, 
0.001460, 
0.001062, 
0.000948, 
0.000972, 
0.008698, 
0.004631, 
0.003214, 
0.002473, 
0.002011, 
0.001467, 
0.001088, 
0.001009, 
0.001102, 
0.009191, 
0.004786, 
0.003275, 
0.002497, 
0.002021, 
0.001476, 
0.001134, 
0.001098, 
0.001271, 
0.009673, 
0.004921, 
0.003321, 
0.002518, 
0.002041, 
0.001535, 
0.001319, 
0.001394, 
0.001733, 
0.009819, 
0.004982, 
0.003394, 
0.002634, 
0.002220, 
0.001876, 
0.001943, 
0.002197, 
0.002823, 
0.011633, 
0.006442, 
0.004856, 
0.004186, 
0.003892, 
0.003815, 
0.004335, 
0.004966, 
0.006331]
}