{"expiry_size": 8,
"tenor_size": 9,
"expiry": [1.000000, 
2.000000, 
3.000000, 
4.000000, 
5.000000, 
7.000000, 
10.000000, 
15.000000],
"tenor": [1.000000, 
2.000000, 
3.000000, 
4.000000, 
5.000000, 
7.000000, 
10.000000, 
12.000000, 
15.000000],
"quote": [0.087382, 
0.048374, 
0.033591, 
0.025711, 
0.020839, 
0.015180, 
0.010909, 
0.009248, 
0.007576, 
0.096117, 
0.050079, 
0.034075, 
0.025891, 
0.020926, 
0.015220, 
0.010935, 
0.009264, 
0.007579, 
0.099296, 
0.050678, 
0.034229, 
0.025935, 
0.020939, 
0.015222, 
0.010933, 
0.009255, 
0.007563, 
0.100446, 
0.050883, 
0.034269, 
0.025938, 
0.020935, 
0.015217, 
0.010921, 
0.009238, 
0.007541, 
0.100858, 
0.050942, 
0.034273, 
0.025934, 
0.020931, 
0.015214, 
0.010906, 
0.009218, 
0.007517, 
0.101065, 
0.050995, 
0.034303, 
0.025956, 
0.020948, 
0.015204, 
0.010869, 
0.009172, 
0.007474, 
0.101101, 
0.050995, 
0.034264, 
0.025882, 
0.020849, 
0.015081, 
0.010740, 
0.009058, 
0.007390, 
0.100668, 
0.050601, 
0.033912, 
0.025569, 
0.020563, 
0.014868, 
0.010627, 
0.008985, 
0.007348]
}