{"expiry_size": 8,
"tenor_size": 9,
"expiry": [1.000000, 
2.000000, 
3.000000, 
4.000000, 
5.000000, 
7.000000, 
10.000000, 
15.000000],
"tenor": [1.000000, 
2.000000, 
3.000000, 
4.000000, 
5.000000, 
7.000000, 
10.000000, 
12.000000, 
15.000000],
"quote": [0.003859, 
0.002843, 
0.002479, 
0.002278, 
0.002144, 
0.001962, 
0.001776, 
0.001686, 
0.001582, 
0.005426, 
0.003566, 
0.002922, 
0.002583, 
0.002367, 
0.002092, 
0.001842, 
0.001733, 
0.001608, 
0.006761, 
0.004175, 
0.003291, 
0.002834, 
0.002547, 
0.002193, 
0.001894, 
0.001763, 
0.001619, 
0.007883, 
0.004680, 
0.003592, 
0.003034, 
0.002687, 
0.002268, 
0.001927, 
0.001781, 
0.001619, 
0.008812, 
0.005091, 
0.003832, 
0.003189, 
0.002794, 
0.002321, 
0.001943, 
0.001784, 
0.001608, 
0.010180, 
0.005681, 
0.004166, 
0.003398, 
0.002928, 
0.002379, 
0.001943, 
0.001761, 
0.001555, 
0.011420, 
0.006189, 
0.004433, 
0.003545, 
0.003006, 
0.002379, 
0.001888, 
0.001680, 
0.001462, 
0.013786, 
0.007268, 
0.005088, 
0.003992, 
0.003330, 
0.002562, 
0.001974, 
0.001737, 
0.001492]
}