{
"expiry_size": 8,
"tenor_size": 9,
"expiry": 
    [1.0,
    2.0,
    3.0,
    4.0,
    5.0,
    7.0,
    10.0,
    15.0],
"tenor": 
    [1.0,
    2.0,
    3.0,
    4.0,
    5.0,
    7.0,
    10.0,
    12.0,
    15.0],
"quote": 
    [0.005269650941616,
    0.00559415455899,
    0.005738775816108,
    0.005875295283538,
    0.006067420038874,
    0.006206746498912,
    0.006415176094446,
    0.00647684397967,
    0.006557024784882,
    0.005769887459108,
    0.005710218772324,
    0.005650703692152,
    0.005589420313622,
    0.005526759736926,
    0.005680360086114,
    0.00590730666199,
    0.005978311091448,
    0.00607447452642,
    0.005907281807064,
    0.005743863467652,
    0.005562993588878,
    0.00538347162027,
    0.005209627317916,
    0.0053666828152,
    0.005595134555694,
    0.00563898078588,
    0.005695367382838,
    0.00533297878553,
    0.005262515927202,
    0.005190630309164,
    0.005126512439268,
    0.005060993971176,
    0.005151599808102,
    0.00527791195158,
    0.005292957111618,
    0.005312374655728,
    0.005080751846114,
    0.00503604138651,
    0.004995580408964,
    0.004951553929508,
    0.004909127765596,
    0.004932968690906,
    0.004954347921346,
    0.004943869091232,
    0.00492523747848,
    0.004819236327524,
    0.004811814823566,
    0.004801497035518,
    0.004788065112778,
    0.00477438973688,
    0.004812398740176,
    0.004856293001348,
    0.004838732285576,
    0.004811323407246,
    0.004425353649904,
    0.004453610134612,
    0.004482643186642,
    0.00451376937779,
    0.004539970956346,
    0.004599195226664,
    0.004688266649568,
    0.00466374211368,
    0.004636481888118,
    0.004405342325622,
    0.004432438561234,
    0.004458546405198,
    0.004486056979352,
    0.00451059592983,
    0.004527942460306,
    0.004566786824234,
    0.004554324219114,
    0.004537457162186]
}